<?xml version="1.0" encoding="UTF-8"?>
<GenRun Id="synth_1" LaunchPart="xc7a35tcsg324-1" LaunchTime="1686993383">
  <File Type="PA-TCL" Name="top.tcl"/>
  <File Type="REPORTS-TCL" Name="top_reports.tcl"/>
  <File Type="RDS-RDS" Name="top.vds"/>
  <File Type="RDS-UTIL" Name="top_utilization_synth.rpt"/>
  <File Type="RDS-UTIL-PB" Name="top_utilization_synth.pb"/>
  <File Type="RDS-DCP" Name="top.dcp"/>
  <FileSet Name="sources" Type="DesignSrcs" RelSrcDir="$PSRCDIR/sources_1">
    <Filter Type="Srcs"/>
    <File Path="$PSRCDIR/sources_1/imports/new/CPU.v">
      <FileInfo>
        <Attr Name="ImportPath" Val="$PPRDIR/../../Verilog project/composition priciple/riscv/singleCPUDemo/singleCPUDemo.srcs/sources_1/imports/new/CPU.v"/>
        <Attr Name="ImportTime" Val="1664159851"/>
        <Attr Name="UsedIn" Val="synthesis"/>
        <Attr Name="UsedIn" Val="implementation"/>
        <Attr Name="UsedIn" Val="simulation"/>
      </FileInfo>
    </File>
    <File Path="$PSRCDIR/sources_1/imports/new/ControlUnit2.v">
      <FileInfo>
        <Attr Name="ImportPath" Val="$PPRDIR/../../Verilog project/composition priciple/riscv/singleCPUDemo/singleCPUDemo.srcs/sources_1/imports/new/ControlUnit2.v"/>
        <Attr Name="ImportTime" Val="1664160469"/>
        <Attr Name="UsedIn" Val="synthesis"/>
        <Attr Name="UsedIn" Val="implementation"/>
        <Attr Name="UsedIn" Val="simulation"/>
      </FileInfo>
    </File>
    <File Path="$PSRCDIR/sources_1/imports/new/ID.v">
      <FileInfo>
        <Attr Name="ImportPath" Val="$PPRDIR/../../Verilog project/composition priciple/riscv/singleCPUDemo/singleCPUDemo.srcs/sources_1/imports/new/ID.v"/>
        <Attr Name="ImportTime" Val="1664154791"/>
        <Attr Name="UsedIn" Val="synthesis"/>
        <Attr Name="UsedIn" Val="implementation"/>
        <Attr Name="UsedIn" Val="simulation"/>
      </FileInfo>
    </File>
    <File Path="$PSRCDIR/sources_1/imports/imports/riscv/register - ego/register.srcs/sources_1/imports/compositionprinciple/risk5/single_period_cpu-ego/single_period_cpu.srcs/sources_1/new/RegFiles.v">
      <FileInfo>
        <Attr Name="ImportPath" Val="$PPRDIR/../../Verilog project/composition priciple/riscv/ramlab/ramlab.srcs/sources_1/imports/riscv/register - ego/register.srcs/sources_1/imports/compositionprinciple/risk5/single_period_cpu-ego/single_period_cpu.srcs/sources_1/new/RegFiles.v"/>
        <Attr Name="ImportTime" Val="1673250827"/>
        <Attr Name="UsedIn" Val="synthesis"/>
        <Attr Name="UsedIn" Val="implementation"/>
        <Attr Name="UsedIn" Val="simulation"/>
      </FileInfo>
    </File>
    <File Path="$PSRCDIR/sources_1/imports/new/alu.v">
      <FileInfo>
        <Attr Name="ImportPath" Val="$PPRDIR/../../Verilog project/composition priciple/riscv/RegLab/RegLab.srcs/sources_1/imports/riscv/alu/alu.srcs/sources_1/new/alu.v"/>
        <Attr Name="ImportTime" Val="1673334482"/>
        <Attr Name="UsedIn" Val="synthesis"/>
        <Attr Name="UsedIn" Val="implementation"/>
        <Attr Name="UsedIn" Val="simulation"/>
      </FileInfo>
    </File>
    <File Path="$PSRCDIR/sources_1/imports/imports/new/pc.v">
      <FileInfo>
        <Attr Name="ImportPath" Val="$PPRDIR/../../Verilog project/composition priciple/riscv/ramlab/ramlab.srcs/sources_1/imports/new/pc.v"/>
        <Attr Name="ImportTime" Val="1673267706"/>
        <Attr Name="UsedIn" Val="synthesis"/>
        <Attr Name="UsedIn" Val="implementation"/>
        <Attr Name="UsedIn" Val="simulation"/>
      </FileInfo>
    </File>
    <File Path="$PSRCDIR/sources_1/imports/imports/new/rom.v">
      <FileInfo>
        <Attr Name="ImportPath" Val="$PPRDIR/../../Verilog project/composition priciple/riscv/ramlab/ramlab.srcs/sources_1/imports/new/rom.v"/>
        <Attr Name="ImportTime" Val="1673264626"/>
        <Attr Name="UsedIn" Val="synthesis"/>
        <Attr Name="UsedIn" Val="implementation"/>
        <Attr Name="UsedIn" Val="simulation"/>
      </FileInfo>
    </File>
    <File Path="$PSRCDIR/sources_1/new/top.v">
      <FileInfo>
        <Attr Name="UsedIn" Val="synthesis"/>
        <Attr Name="UsedIn" Val="implementation"/>
        <Attr Name="UsedIn" Val="simulation"/>
      </FileInfo>
    </File>
    <Config>
      <Option Name="DesignMode" Val="RTL"/>
      <Option Name="TopModule" Val="top"/>
      <Option Name="TopAutoSet" Val="TRUE"/>
    </Config>
  </FileSet>
  <FileSet Name="constrs_in" Type="Constrs" RelSrcDir="$PSRCDIR/constrs_1">
    <Filter Type="Constrs"/>
    <Config>
      <Option Name="ConstrsType" Val="XDC"/>
    </Config>
  </FileSet>
  <Strategy Version="1" Minor="2">
    <StratHandle Name="Vivado Synthesis Defaults" Flow="Vivado Synthesis 2017"/>
    <Step Id="synth_design"/>
  </Strategy>
</GenRun>
